Workbook

Sheet How to use
A1: POC test cases: 163 cases across 8 modules
A2: Each case names the dataset to use, the steps and the expected result. Expected results were produced by running the dataset through the POC's own rules engine.
A4: How to use it in the test window:
A5: 1. Filter "Test cases" by Module for the day's module (see the Scrum Tracker). Run the High-priority cases first.
A6: 2. Set Status to Pass, Fail, Blocked or Not in scope, and write what actually happened in "Actual result" when it differs.
A7: 3. For every Fail, add a row in the Gap Log of the project plan and put its ID in "Gap ID".
A8: 4. "Summary" counts cases by module and status, for the Scrum Tracker columns "Cases planned / run / passed".
A10: Score as of: always 2026-10-20 unless the case gives another date (TS11).
A11: Cases whose expected result starts with "SHOULD" are known gaps: the engine does something else today. They are expected to fail until fixed; log them once.
A12: Micro-segments normally come from Scoring, so TS6 to TS10 all go Prospecting > Scoring > Micro-segments. TS4 is only for the separate "Upload a CSV" route; mark it Not in scope if that route is not part of the POC.

Sheet Test cases
A1: ID | B1: Module | C1: Area | D1: Dataset | E1: Test case | F1: Steps | G1: Expected result | H1: Priority | I1: Status | J1: Actual result | K1: Gap ID | L1: Tested on | M1: Notes
A2: PR-001 | B2: Prospecting | C2: Upload | D2: TS1 | E2: Upload a clean lead file | F2: Upload TS1_End_to_end.xlsx in Prospecting. | G2: 48 rows read, 0 issues, 16 accounts, 16 passing, 48 contacts in the final list. | H2: High | I2: Not run
A3: PR-002 | B3: Prospecting | C3: Upload | D3: TS1 | E3: Picks the right sheet in a workbook with several | F3: Upload TS1_End_to_end.xlsx (it has lead, signal and answer-key sheets). | G3: Prospecting reads "Lead template" and ignores the other sheets. | H3: High | I3: Not run
A4: PR-003 | B4: Prospecting | C4: Save list | D4: TS1 | E4: Save the list and find it in Scoring | F4: After the upload, save the list as "TS1". Open Account Scoring. | G4: The list "TS1" is offered in Account Scoring with 16 accounts. | H4: High | I4: Not run
A5: PR-004 | B5: Prospecting | C5: Download | D5: TS1 | E5: Download the final list | F5: Download the final list as CSV and Excel. | G5: Both files open, with the 48 contacts and the same columns as on screen. | H5: Medium | I5: Not run
A6: PR-005 | B6: Prospecting | C6: Reload | D6: TS1 | E6: Saved list survives a reload | F6: Reload the browser, then open Account Scoring. | G6: The list "TS1" is still there (it is kept in the browser). | H6: Medium | I6: Not run
A7: PR-006 | B7: Prospecting | C7: Data quality | D7: TS2 | E7: Edge-case file totals | F7: Upload TS2_Prospecting_edge_cases.xlsx. | G7: 32 rows read, 1 not loaded, 2 merged, 29 contacts, 10 accounts (6 pass), 19 in the final list. | H7: High | I7: Not run
A8: PR-007 | B8: Prospecting | C8: Data quality | D8: TS2 | E8: Row 2: Control row: clean, in the final list | F8: In the TS2 upload, find spreadsheet row 2 in the check pane and the final list. | G8: No issue. Contact: In the final list. | H8: Medium | I8: Not run
A9: PR-008 | B9: Prospecting | C9: Data quality | D9: TS2 | E9: Row 3: Email with no domain ending | F9: In the TS2 upload, find spreadsheet row 3 in the check pane and the final list. | G9: Issues: email D3. Contact: In the final list. | H9: Medium | I9: Not run
A10: PR-009 | B10: Prospecting | C10: Data quality | D10: TS2 | E10: Row 4: Email with a space | F10: In the TS2 upload, find spreadsheet row 4 in the check pane and the final list. | G10: Issues: email D3. Contact: In the final list. | H10: Medium | I10: Not run
A11: PR-010 | B11: Prospecting | C11: Data quality | D11: TS2 | E11: Row 5: TRUE instead of Y | F11: In the TS2 upload, find spreadsheet row 5 in the check pane and the final list. | G11: Issues: email_verified D3. Contact: In the final list. | H11: Medium | I11: Not run
A12: PR-011 | B12: Prospecting | C12: Data quality | D12: TS2 | E12: Row 6: Email not verified: loaded, email not used as a channel | F12: In the TS2 upload, find spreadsheet row 6 in the check pane and the final list. | G12: No issue. Contact: In the final list. | H12: Medium | I12: Not run
A13: PR-012 | B13: Prospecting | C13: Data quality | D13: TS2 | E13: Row 7: LinkedIn company page, not a profile | F13: In the TS2 upload, find spreadsheet row 7 in the check pane and the final list. | G13: Issues: linkedin_url D3. Contact: In the final list. | H13: Medium | I13: Not run
... A164: RL-011 | B164: Roles and visibility | C164: Role switcher | D164: any | E164: Each role sees only its pages | F164: Switch through each demo role in the sidebar. | G164: Each role sees the pages set for it in Users and roles; Sales rep sees only Rep A items; Admin and Sales manager see all items. | H164: Medium | I164: Not run

Sheet Summary
A1: Module | B1: Cases | C1: Not run | D1: Pass | E1: Fail | F1: Blocked | G1: Not in scope | H1: Pass rate (of run)
A2: Prospecting | B2: =COUNTIF('Test cases'!$B:$B,A2) | C2: =COUNTIFS('Test cases'!$B:$B,$A2,'Test cases'!$I:$I,"Not run") | D2: =COUNTIFS('Test cases'!$B:$B,$A2,'Test cases'!$I:$I,"Pass") | E2: =COUNTIFS('Test cases'!$B:$B,$A2,'Test cases'!$I:$I,"Fail") | F2: =COUNTIFS('Test cases'!$B:$B,$A2,'Test cases'!$I:$I,"Blocked") | G2: =COUNTIFS('Test cases'!$B:$B,$A2,'Test cases'!$I:$I,"Not in scope") | H2: =IFERROR(D2/(D2+E2+F2),"")
A3: Account Scoring | B3: =COUNTIF('Test cases'!$B:$B,A3) | C3: =COUNTIFS('Test cases'!$B:$B,$A3,'Test cases'!$I:$I,"Not run") | D3: =COUNTIFS('Test cases'!$B:$B,$A3,'Test cases'!$I:$I,"Pass") | E3: =COUNTIFS('Test cases'!$B:$B,$A3,'Test cases'!$I:$I,"Fail") | F3: =COUNTIFS('Test cases'!$B:$B,$A3,'Test cases'!$I:$I,"Blocked") | G3: =COUNTIFS('Test cases'!$B:$B,$A3,'Test cases'!$I:$I,"Not in scope") | H3: =IFERROR(D3/(D3+E3+F3),"")
A4: Micro-segments & NBA | B4: =COUNTIF('Test cases'!$B:$B,A4) | C4: =COUNTIFS('Test cases'!$B:$B,$A4,'Test cases'!$I:$I,"Not run") | D4: =COUNTIFS('Test cases'!$B:$B,$A4,'Test cases'!$I:$I,"Pass") | E4: =COUNTIFS('Test cases'!$B:$B,$A4,'Test cases'!$I:$I,"Fail") | F4: =COUNTIFS('Test cases'!$B:$B,$A4,'Test cases'!$I:$I,"Blocked") | G4: =COUNTIFS('Test cases'!$B:$B,$A4,'Test cases'!$I:$I,"Not in scope") | H4: =IFERROR(D4/(D4+E4+F4),"")
A5: For Review | B5: =COUNTIF('Test cases'!$B:$B,A5) | C5: =COUNTIFS('Test cases'!$B:$B,$A5,'Test cases'!$I:$I,"Not run") | D5: =COUNTIFS('Test cases'!$B:$B,$A5,'Test cases'!$I:$I,"Pass") | E5: =COUNTIFS('Test cases'!$B:$B,$A5,'Test cases'!$I:$I,"Fail") | F5: =COUNTIFS('Test cases'!$B:$B,$A5,'Test cases'!$I:$I,"Blocked") | G5: =COUNTIFS('Test cases'!$B:$B,$A5,'Test cases'!$I:$I,"Not in scope") | H5: =IFERROR(D5/(D5+E5+F5),"")
A6: Today | B6: =COUNTIF('Test cases'!$B:$B,A6) | C6: =COUNTIFS('Test cases'!$B:$B,$A6,'Test cases'!$I:$I,"Not run") | D6: =COUNTIFS('Test cases'!$B:$B,$A6,'Test cases'!$I:$I,"Pass") | E6: =COUNTIFS('Test cases'!$B:$B,$A6,'Test cases'!$I:$I,"Fail") | F6: =COUNTIFS('Test cases'!$B:$B,$A6,'Test cases'!$I:$I,"Blocked") | G6: =COUNTIFS('Test cases'!$B:$B,$A6,'Test cases'!$I:$I,"Not in scope") | H6: =IFERROR(D6/(D6+E6+F6),"")
A7: Analytics | B7: =COUNTIF('Test cases'!$B:$B,A7) | C7: =COUNTIFS('Test cases'!$B:$B,$A7,'Test cases'!$I:$I,"Not run") | D7: =COUNTIFS('Test cases'!$B:$B,$A7,'Test cases'!$I:$I,"Pass") | E7: =COUNTIFS('Test cases'!$B:$B,$A7,'Test cases'!$I:$I,"Fail") | F7: =COUNTIFS('Test cases'!$B:$B,$A7,'Test cases'!$I:$I,"Blocked") | G7: =COUNTIFS('Test cases'!$B:$B,$A7,'Test cases'!$I:$I,"Not in scope") | H7: =IFERROR(D7/(D7+E7+F7),"")
A8: Content library | B8: =COUNTIF('Test cases'!$B:$B,A8) | C8: =COUNTIFS('Test cases'!$B:$B,$A8,'Test cases'!$I:$I,"Not run") | D8: =COUNTIFS('Test cases'!$B:$B,$A8,'Test cases'!$I:$I,"Pass") | E8: =COUNTIFS('Test cases'!$B:$B,$A8,'Test cases'!$I:$I,"Fail") | F8: =COUNTIFS('Test cases'!$B:$B,$A8,'Test cases'!$I:$I,"Blocked") | G8: =COUNTIFS('Test cases'!$B:$B,$A8,'Test cases'!$I:$I,"Not in scope") | H8: =IFERROR(D8/(D8+E8+F8),"")
A9: Roles and visibility | B9: =COUNTIF('Test cases'!$B:$B,A9) | C9: =COUNTIFS('Test cases'!$B:$B,$A9,'Test cases'!$I:$I,"Not run") | D9: =COUNTIFS('Test cases'!$B:$B,$A9,'Test cases'!$I:$I,"Pass") | E9: =COUNTIFS('Test cases'!$B:$B,$A9,'Test cases'!$I:$I,"Fail") | F9: =COUNTIFS('Test cases'!$B:$B,$A9,'Test cases'!$I:$I,"Blocked") | G9: =COUNTIFS('Test cases'!$B:$B,$A9,'Test cases'!$I:$I,"Not in scope") | H9: =IFERROR(D9/(D9+E9+F9),"")
A10: Total | B10: =SUM(B2:B9) | C10: =SUM(C2:C9) | D10: =SUM(D2:D9) | E10: =SUM(E2:E9) | F10: =SUM(F2:F9) | G10: =SUM(G2:G9) | H10: =IFERROR(D10/(D10+E10+F10),"")

Sheet Datasets
A1: Set | B1: File | C1: What it is for
A2: TS1 | B2: TS1_End_to_end.xlsx | C2: The list carried through every module
A3: TS2 | B3: TS2_Prospecting_edge_cases.xlsx | C3: Prospecting data rules, one per row
A4: TS3 | B4: TS3_Signal_edge_cases.xlsx | C4: Signal rules, one per row (uses the TS1 list)
A5: TS4 | B5: TS4_Microsegments_from_file.xlsx | C5: Optional: the NBA "Upload a CSV" route for lists scored outside the POC
A6: TS5 | B6: TS5_Brand_guideline.md | C6: Brand rules read from a guideline
A7: TS6 | B7: TS6_Segment_boundaries.xlsx | C7: Which micro-segments form, fallbacks and exceptions
A8: TS7 | B8: TS7_Scoring_boundaries.xlsx | C8: Fit floor, rubric parts, tier cut-offs, decay, stacking, knock-out
A9: TS8 | B9: TS8_Contactability_and_channel.xlsx | C9: Channel choice and who cannot be reached
A10: TS9 | B10: TS9_For_Review_routing.xlsx | C10: Each For Review reason and due date
A11: TS10 | B11: TS10_Rep_ownership.xlsx | C11: Which role sees which item
A12: TS11 | B12: TS11_Score_date_answer_key.xlsx | C12: TS1 scored on five dates: signals fading
A13: TS12 | B13: TS12_Realistic_mixed_list.xlsx | C13: A realistic 60-account list for volume and robustness
